USE MOV_CONTA_CORRENTE
GO

--CLIENTES
INSERT INTO CLIENTES (ID_CLI, NOME_CLI, ENDE_CLI, NUME_CLI, COMPL_CLI, BAIR_CLI, CIDA_CLI, UF_CLI, CEP_CLI, FONE_CLI, CPF_CLI, DATA_NASC, CNPJ_CLI) 
VALUES (18001, 'Rodrigo Almeida Pereira', 'Rua Adão Nunes', '321', 'Apto 101', 'Jardim São Carlos', 'Sorocaba', 'SP', '18081420', '(15)3221-4567', '54321098744', '20-05-1985 00:00:00.000', NULL);

INSERT INTO CLIENTES (ID_CLI, NOME_CLI, ENDE_CLI, NUME_CLI, COMPL_CLI, BAIR_CLI, CIDA_CLI, UF_CLI, CEP_CLI, FONE_CLI, CPF_CLI, DATA_NASC, CNPJ_CLI) 
VALUES (18002, 'Fernanda Costa Lima', 'Rua Benedito de Lima Almeida', '145', NULL, 'Jardim dos Estados', 'Sorocaba', 'SP', '18035420', '(15)3345-7890', '56789012345', '15-03-1990 00:00:00', NULL);

INSERT INTO CLIENTES (ID_CLI, NOME_CLI, ENDE_CLI, NUME_CLI, COMPL_CLI, BAIR_CLI, CIDA_CLI, UF_CLI, CEP_CLI, FONE_CLI, CPF_CLI, DATA_NASC, CNPJ_CLI) 
VALUES (18003, 'Tiago Martins Souza', 'Rua Fernando Silva', '210', 'Casa 5', 'Parque São Bento', 'Sorocaba', 'SP', '18072180', '(15)3219-1234', '76543210922', '10-12-1988 00:00:00', NULL);

INSERT INTO CLIENTES (ID_CLI, NOME_CLI, ENDE_CLI, NUME_CLI, COMPL_CLI, BAIR_CLI, CIDA_CLI, UF_CLI, CEP_CLI, FONE_CLI, CPF_CLI, DATA_NASC, CNPJ_CLI) 
VALUES (18004, 'Vanessa Ribeiro dos Santos', 'Rua Dr. Campos Salles', '520', 'Bloco A', 'Vila Santana', 'Sorocaba', 'SP', '18085220', '(15)3412-6789', '65432109833', '25-07-1995 00:00:00', NULL);

INSERT INTO CLIENTES (ID_CLI, NOME_CLI, ENDE_CLI, NUME_CLI, COMPL_CLI, BAIR_CLI, CIDA_CLI, UF_CLI, CEP_CLI, FONE_CLI, CPF_CLI, DATA_NASC, CNPJ_CLI) 
VALUES (18005, 'Lucas Henrique Ferreira', 'Rua Mário Soave', '57', NULL, 'Jardim São Paulo', 'Sorocaba', 'SP', '18013150', '(15)3356-9876', '65498712351', '05-11-1982 00:00:00', NULL);

--AGENCIAS
INSERT INTO AGENCIAS (NUM_AGE, NOME_AGE, ENDE_AGE, NUME_AGE, COMPL_AGE, BAIR_AGE, CIDA_AGE, UF_AGE, CEP_AGE, FONE_AGE) 
VALUES (18001, 'Agência Afonso Vergueiro', 'Av. Dr. Afonso Vergueiro', '1600', NULL, 'Centro', 'Sorocaba', 'SP', '18035000', '(15)3234-6644');

INSERT INTO AGENCIAS (NUM_AGE, NOME_AGE, ENDE_AGE, NUME_AGE, COMPL_AGE, BAIR_AGE, CIDA_AGE, UF_AGE, CEP_AGE, FONE_AGE) 
VALUES (18002, 'Agência Itavuvu', 'Av. Itavuvu', '2830', NULL, 'Jardim Santa Cecilia', 'Sorocaba', 'SP', '18078005', '(15)3225-2800');

INSERT INTO AGENCIAS (NUM_AGE, NOME_AGE, ENDE_AGE, NUME_AGE, COMPL_AGE, BAIR_AGE, CIDA_AGE, UF_AGE, CEP_AGE, FONE_AGE) 
VALUES (18003, 'Agência Av. São Paulo', 'Av. São Paulo', '925', NULL, 'Jardim Paulistano', 'Sorocaba', 'SP', '18013002', '(15)4003-1043');

INSERT INTO AGENCIAS (NUM_AGE, NOME_AGE, ENDE_AGE, NUME_AGE, COMPL_AGE, BAIR_AGE, CIDA_AGE, UF_AGE, CEP_AGE, FONE_AGE) 
VALUES (18004, 'Agência Vila Santana', 'Rua Comendador Hermelino Matarazzo', '500', NULL, 'Vila Santana', 'Sorocaba', 'SP', '18085000', '(15)3224-5122');

INSERT INTO AGENCIAS (NUM_AGE, NOME_AGE, ENDE_AGE, NUME_AGE, COMPL_AGE, BAIR_AGE, CIDA_AGE, UF_AGE, CEP_AGE, FONE_AGE) 
VALUES (18005, 'Agência Campolim', 'Av. Antônio Carlos Comitre', '530', NULL, 'Parque Campolim', 'Sorocaba', 'SP', '18047620', '(15)3225-5400');


--HISTORICOS
INSERT INTO HISTORICOS (ID_HIS, DES_HIS) VALUES (1, 'Transferência entre contas');
INSERT INTO HISTORICOS (ID_HIS, DES_HIS) VALUES (2, 'Depósito em caixa');
INSERT INTO HISTORICOS (ID_HIS, DES_HIS) VALUES (3, 'Saque em caixa eletrônico');
INSERT INTO HISTORICOS (ID_HIS, DES_HIS) VALUES (4, 'pagamento de cartão');
INSERT INTO HISTORICOS (ID_HIS, DES_HIS) VALUES (5, 'Pagamento de conta de água');

--CONTACORRENTE
INSERT INTO CONTACORRENTE (NUM_AGE, NUM_CC, ID_CLI, SALDO) VALUES (18001, 1800000001, 18001, 1500.00);
INSERT INTO CONTACORRENTE (NUM_AGE, NUM_CC, ID_CLI, SALDO) VALUES (18002, 1800000002, 18002, 2500.50);
INSERT INTO CONTACORRENTE (NUM_AGE, NUM_CC, ID_CLI, SALDO) VALUES (18003, 1800000003, 18003, 3200.75);
INSERT INTO CONTACORRENTE (NUM_AGE, NUM_CC, ID_CLI, SALDO) VALUES (18004, 1800000004, 18004, 400.00);
INSERT INTO CONTACORRENTE (NUM_AGE, NUM_CC, ID_CLI, SALDO) VALUES (18005, 1800000005, 18005, 9000.00);

--USUARIOS
INSERT INTO USUARIOS (ID, SENHA, NUM_AGE, NUM_CC) VALUES ('rodrigo_18', 'asd453', 18001, 1800000001);
INSERT INTO USUARIOS (ID, SENHA, NUM_AGE, NUM_CC) VALUES ('Fernanda_18', 'ghf987', 18002, 1800000002);
INSERT INTO USUARIOS (ID, SENHA, NUM_AGE, NUM_CC) VALUES ('Tiago_18', 'oiy213', 18003, 1800000003);
INSERT INTO USUARIOS (ID, SENHA, NUM_AGE, NUM_CC) VALUES ('Vanessa_18', 'bvn483', 18004, 1800000004);
INSERT INTO USUARIOS (ID, SENHA, NUM_AGE, NUM_CC) VALUES ('Lucas_18', 'sop940', 18005, 1800000005);

--MOVIMENTACAO
INSERT INTO MOVIMENTACAO (NUM_AGE, NUM_CC, DATA_MOV, NUM_DOCTO, DEBITO_CREDITO, ID_HIS, COMPL_HIS, VALOR, SALDO)
VALUES (18001, 1800000001, '15-01-2024 10:30:00', 'DOC181', 'D', 1, 'Transferência entre contas', 200.00, 1300.00);

INSERT INTO MOVIMENTACAO (NUM_AGE, NUM_CC, DATA_MOV, NUM_DOCTO, DEBITO_CREDITO, ID_HIS, COMPL_HIS, VALOR, SALDO)
VALUES (18002, 1800000002, '16-01-2024 14:45:00', 'DOC182', 'C', 2, 'Depósito em caixa', 500.00, 3000.50);

INSERT INTO MOVIMENTACAO (NUM_AGE, NUM_CC, DATA_MOV, NUM_DOCTO, DEBITO_CREDITO, ID_HIS, COMPL_HIS, VALOR, SALDO)
VALUES (18003, 1800000003, '17-01-2024 09:15:00', 'DOC183', 'D', 3, 'Saque em caixa eletrônico', 100.00, 3100.75);

INSERT INTO MOVIMENTACAO (NUM_AGE, NUM_CC, DATA_MOV, NUM_DOCTO, DEBITO_CREDITO, ID_HIS, COMPL_HIS, VALOR, SALDO)
VALUES (18004, 1800000004, '18-01-2024 16:00:00', 'DOC184', 'C', 4, 'Pagamento de cartão', 150.00, 250.00);

INSERT INTO MOVIMENTACAO (NUM_AGE, NUM_CC, DATA_MOV, NUM_DOCTO, DEBITO_CREDITO, ID_HIS, COMPL_HIS, VALOR, SALDO)
VALUES (18005, 1800000005, '19-01-2024 11:20:00', 'DOC185', 'C', 5, 'Pagamento de conta de água', 80.00, 8920.00);
